day,is_weekend,nposts,nlikes,avglikes
Sunday,TRUE,10,1237,123.7
Monday,FALSE,103,16055,155.873786407767
Tuesday,FALSE,78,10496,134.56410256410257
Wednesday,FALSE,93,12803,137.66666666666666
Thursday,FALSE,80,10474,130.925
Friday,FALSE,108,25595,236.99074074074073
Saturday,TRUE,23,3828,166.43478260869566
